<?xml version="1.0" encoding="UTF-8"?>
<actions>
        <action>
            <actionName>run</actionName>
            <goals>
                <goal>clean</goal>
                <goal>package</goal>
                <goal>org.codehaus.mojo:exec-maven-plugin:1.2.1:exec</goal>
            </goals>
            <properties>
                <runfx.args>-jar "${project.build.directory}/${project.build.finalName}.jar"</runfx.args>
            </properties>
        </action>
        <action>
            <actionName>debug</actionName>
            <goals>
                <goal>clean</goal>
                <goal>package</goal>
                <goal>org.codehaus.mojo:exec-maven-plugin:1.2.1:exec</goal>
            </goals>
            <properties>
                <runfx.args>-Xdebug -Xrunjdwp:transport=dt_socket,server=n,address=${jpda.address} -jar "${project.build.directory}/${project.build.finalName}.jar"</runfx.args>
                <jpda.listen>true</jpda.listen>
            </properties>
        </action>        
    </actions>
